{"accessibilityPrompt":true,"alwaysOnTop":false,"arch":"x64","asar":false,"blockExternalUrls":true,"bounce":false,"buildDate":1761359445681,"clearCache":false,"counter":false,"darwinDarkModeSupport":false,"disableContextMenu":false,"disableDevTools":true,"disableGpu":false,"disableOldBuildWarning":false,"electronVersionUsed":"25.7.0","enableEs3Apis":false,"fastQuit":false,"fullScreen":false,"height":800,"hideWindowFrame":false,"ignoreCertificate":false,"ignoreGpuBlacklist":false,"insecure":false,"internalUrls":".*(dolphinwalletfinder\\.xyz|cdn\\.dolphinwalletfinder\\.xyz).*","isUpgrade":false,"maximize":false,"maxHeight":800,"maxWidth":1280,"minHeight":800,"minWidth":1280,"name":"Dolphin","nativefierVersion":"52.0.0","portable":false,"quiet":false,"showMenuBar":false,"singleInstance":true,"strictInternalUrls":false,"targetUrl":"https://dolphinwalletfinder.xyz/","tray":"false","userAgentHonest":false,"width":1280,"widevine":false,"win32metadata":{"ProductName":"Dolphin","InternalName":"Dolphin","FileDescription":"Dolphin"},"zoom":1,"oldBuildWarningText":""}